date,close,eps,revenue,pe,symbol
1/2/2018 16:00,70.43,1.36,567.3,51.78676471,FSLR
1/3/2018 16:00,69.8,1.36,567.3,51.32352941,FSLR
1/4/2018 16:00,69.14,1.36,567.3,50.83823529,FSLR
1/5/2018 16:00,69.17,1.36,567.3,50.86029412,FSLR
1/8/2018 16:00,69.62,1.36,567.3,51.19117647,FSLR
1/9/2018 16:00,70.02,1.36,567.3,51.48529412,FSLR
1/10/2018 16:00,69.64,1.36,567.3,51.20588235,FSLR
1/11/2018 16:00,76.27,1.36,567.3,56.08088235,FSLR
1/12/2018 16:00,73.41,1.36,567.3,53.97794118,FSLR
1/16/2018 16:00,71.22,1.36,567.3,52.36764706,FSLR
1/17/2018 16:00,72,1.36,567.3,52.94117647,FSLR
1/18/2018 16:00,71.09,1.36,567.3,52.27205882,FSLR
1/19/2018 16:00,70.03,1.36,567.3,51.49264706,FSLR
1/22/2018 16:00,68.96,1.36,567.3,50.70588235,FSLR
1/23/2018 16:00,68.48,1.36,567.3,50.35294118,FSLR
1/24/2018 16:00,68.98,1.36,567.3,50.72058824,FSLR
1/25/2018 16:00,70.44,1.36,567.3,51.79411765,FSLR
1/26/2018 16:00,70.56,1.36,567.3,51.88235294,FSLR
1/29/2018 16:00,68.35,1.36,567.3,50.25735294,FSLR
1/30/2018 16:00,67.09,1.36,567.3,49.33088235,FSLR
1/31/2018 16:00,67.17,1.36,567.3,49.38970588,FSLR
2/1/2018 16:00,67.55,1.36,567.3,49.66911765,FSLR
2/2/2018 16:00,66.44,1.36,567.3,48.85294118,FSLR
2/5/2018 16:00,63.5,1.36,567.3,46.69117647,FSLR
2/6/2018 16:00,63.48,1.36,567.3,46.67647059,FSLR
2/7/2018 16:00,62.94,1.36,567.3,46.27941176,FSLR
2/8/2018 16:00,60.69,1.36,567.3,44.625,FSLR
2/9/2018 16:00,61.22,1.36,567.3,45.01470588,FSLR
2/12/2018 16:00,62.52,1.36,567.3,45.97058824,FSLR
2/13/2018 16:00,64.22,1.36,567.3,47.22058824,FSLR
2/14/2018 16:00,65.24,1.36,567.3,47.97058824,FSLR
2/15/2018 16:00,65.82,1.36,567.3,48.39705882,FSLR
2/16/2018 16:00,65.85,1.36,567.3,48.41911765,FSLR
2/20/2018 16:00,66.58,1.36,567.3,48.95588235,FSLR
2/21/2018 16:00,66.7,1.36,567.3,49.04411765,FSLR
2/22/2018 16:00,66.28,1.36,567.3,48.73529412,FSLR
2/23/2018 16:00,61.79,1.36,567.3,45.43382353,FSLR
2/26/2018 16:00,65.1,1.36,567.3,47.86764706,FSLR
2/27/2018 16:00,63.48,1.36,567.3,46.67647059,FSLR
2/28/2018 16:00,62.85,1.36,567.3,46.21323529,FSLR
3/1/2018 16:00,62.09,1.36,567.3,45.65441176,FSLR
3/2/2018 16:00,64.33,1.36,567.3,47.30147059,FSLR
3/5/2018 16:00,66.05,1.36,567.3,48.56617647,FSLR
3/6/2018 16:00,67.45,1.36,567.3,49.59558824,FSLR
3/7/2018 16:00,67.95,1.36,567.3,49.96323529,FSLR
3/8/2018 16:00,67.69,1.36,567.3,49.77205882,FSLR
3/9/2018 16:00,67.9,1.36,567.3,49.92647059,FSLR
3/12/2018 16:00,70.05,1.36,567.3,51.50735294,FSLR
3/13/2018 16:00,69.15,1.36,567.3,50.84558824,FSLR
3/14/2018 16:00,69.52,1.36,567.3,51.11764706,FSLR
3/15/2018 16:00,68.74,1.36,567.3,50.54411765,FSLR
3/16/2018 16:00,69.87,1.36,567.3,51.375,FSLR
3/19/2018 16:00,71.26,1.36,567.3,52.39705882,FSLR
3/20/2018 16:00,73,1.36,567.3,53.67647059,FSLR
3/21/2018 16:00,73.87,1.36,567.3,54.31617647,FSLR
3/22/2018 16:00,72.09,1.36,567.3,53.00735294,FSLR
3/23/2018 16:00,70.65,1.36,567.3,51.94852941,FSLR
3/26/2018 16:00,74.02,1.36,567.3,54.42647059,FSLR
3/27/2018 16:00,71.51,1.36,567.3,52.58088235,FSLR
3/28/2018 16:00,69.32,1.36,567.3,50.97058824,FSLR
3/29/2018 16:00,70.98,1.36,567.3,52.19117647,FSLR
4/2/2018 16:00,69.39,1.36,309.3,51.02205882,FSLR
4/3/2018 16:00,69.76,1.36,309.3,51.29411765,FSLR
4/4/2018 16:00,70.19,1.36,309.3,51.61029412,FSLR
4/5/2018 16:00,71.64,1.36,309.3,52.67647059,FSLR
4/6/2018 16:00,69.7,1.36,309.3,51.25,FSLR
4/9/2018 16:00,70.85,1.36,309.3,52.09558824,FSLR
4/10/2018 16:00,70.79,1.36,309.3,52.05147059,FSLR
4/11/2018 16:00,71.25,1.36,309.3,52.38970588,FSLR
4/12/2018 16:00,71.23,1.36,309.3,52.375,FSLR
4/13/2018 16:00,70.68,1.36,309.3,51.97058824,FSLR
4/16/2018 16:00,70.12,1.36,309.3,51.55882353,FSLR
4/17/2018 16:00,72.68,1.36,309.3,53.44117647,FSLR
4/18/2018 16:00,77.58,1.36,309.3,57.04411765,FSLR
4/19/2018 16:00,76.96,1.36,309.3,56.58823529,FSLR
4/20/2018 16:00,75.51,1.36,309.3,55.52205882,FSLR
4/23/2018 16:00,74.37,1.36,309.3,54.68382353,FSLR
4/24/2018 16:00,74.07,1.36,309.3,54.46323529,FSLR
4/25/2018 16:00,73.58,1.36,309.3,54.10294118,FSLR
4/26/2018 16:00,75.08,1.36,309.3,55.20588235,FSLR
4/27/2018 16:00,77.95,1.36,309.3,57.31617647,FSLR
4/30/2018 16:00,70.91,1.36,309.3,52.13970588,FSLR
5/1/2018 16:00,67.51,1.36,309.3,49.63970588,FSLR
5/2/2018 16:00,68.02,1.36,309.3,50.01470588,FSLR
5/3/2018 16:00,65.98,1.36,309.3,48.51470588,FSLR
5/4/2018 16:00,66.37,1.36,309.3,48.80147059,FSLR
5/7/2018 16:00,67.15,1.36,309.3,49.375,FSLR
5/8/2018 16:00,67.26,1.36,309.3,49.45588235,FSLR
5/9/2018 16:00,69.43,1.36,309.3,51.05147059,FSLR
5/10/2018 16:00,73.01,1.36,309.3,53.68382353,FSLR
5/11/2018 16:00,72.78,1.36,309.3,53.51470588,FSLR
5/14/2018 16:00,73.54,1.36,309.3,54.07352941,FSLR
5/15/2018 16:00,73.44,1.36,309.3,54,FSLR
5/16/2018 16:00,72.77,1.36,309.3,53.50735294,FSLR
5/17/2018 16:00,71.39,1.36,309.3,52.49264706,FSLR
5/18/2018 16:00,70,1.36,309.3,51.47058824,FSLR
5/21/2018 16:00,70.92,1.36,309.3,52.14705882,FSLR
5/22/2018 16:00,69.99,1.36,309.3,51.46323529,FSLR
5/23/2018 16:00,68.42,1.36,309.3,50.30882353,FSLR
5/24/2018 16:00,68.37,1.36,309.3,50.27205882,FSLR
5/25/2018 16:00,68.25,1.36,309.3,50.18382353,FSLR
5/29/2018 16:00,69.21,1.36,309.3,50.88970588,FSLR
5/30/2018 16:00,69.04,1.36,309.3,50.76470588,FSLR
5/31/2018 16:00,67.61,1.36,309.3,49.71323529,FSLR
6/1/2018 16:00,65.93,1.36,309.3,48.47794118,FSLR
6/4/2018 16:00,61.74,1.36,309.3,45.39705882,FSLR
6/5/2018 16:00,58.24,1.36,309.3,42.82352941,FSLR
6/6/2018 16:00,55.53,1.36,309.3,40.83088235,FSLR
6/7/2018 16:00,53.28,1.36,309.3,39.17647059,FSLR
6/8/2018 16:00,52.67,1.36,309.3,38.72794118,FSLR
6/11/2018 16:00,51.82,1.36,309.3,38.10294118,FSLR
6/12/2018 16:00,53.85,1.36,309.3,39.59558824,FSLR
6/13/2018 16:00,52.69,1.36,309.3,38.74264706,FSLR
6/14/2018 16:00,53.71,1.36,309.3,39.49264706,FSLR
6/15/2018 16:00,51.06,1.36,309.3,37.54411765,FSLR
6/18/2018 16:00,51.83,1.36,309.3,38.11029412,FSLR
6/19/2018 16:00,52.23,1.36,309.3,38.40441176,FSLR
6/20/2018 16:00,51.67,1.36,309.3,37.99264706,FSLR
6/21/2018 16:00,52.31,1.36,309.3,38.46323529,FSLR
6/22/2018 16:00,52.65,1.36,309.3,38.71323529,FSLR
6/25/2018 16:00,52.64,1.36,309.3,38.70588235,FSLR
6/26/2018 16:00,51.91,1.36,309.3,38.16911765,FSLR
6/27/2018 16:00,50.98,1.36,309.3,37.48529412,FSLR
6/28/2018 16:00,52.13,1.36,309.3,38.33088235,FSLR
6/29/2018 16:00,52.66,1.36,309.3,38.72058824,FSLR
7/2/2018 16:00,53.05,1.36,676.2,39.00735294,FSLR
7/3/2018 13:00,52.36,1.36,676.2,38.5,FSLR
7/5/2018 16:00,53.3,1.36,676.2,39.19117647,FSLR
7/6/2018 16:00,54.53,1.36,676.2,40.09558824,FSLR
7/9/2018 16:00,54.83,1.36,676.2,40.31617647,FSLR
7/10/2018 16:00,55.22,1.36,676.2,40.60294118,FSLR
7/11/2018 16:00,54.72,1.36,676.2,40.23529412,FSLR
7/12/2018 16:00,54.7,1.36,676.2,40.22058824,FSLR
7/13/2018 16:00,54.06,1.36,676.2,39.75,FSLR
7/16/2018 16:00,54.01,1.36,676.2,39.71323529,FSLR
7/17/2018 16:00,53.75,1.36,676.2,39.52205882,FSLR
7/18/2018 16:00,54,1.36,676.2,39.70588235,FSLR
7/19/2018 16:00,53.88,1.36,676.2,39.61764706,FSLR
7/20/2018 16:00,53.48,1.36,676.2,39.32352941,FSLR
7/23/2018 16:00,52.62,1.36,676.2,38.69117647,FSLR
7/24/2018 16:00,53.05,1.36,676.2,39.00735294,FSLR
7/25/2018 16:00,54.04,1.36,676.2,39.73529412,FSLR
7/26/2018 16:00,53.67,1.36,676.2,39.46323529,FSLR
7/27/2018 16:00,51.65,1.36,676.2,37.97794118,FSLR
7/30/2018 16:00,51.57,1.36,676.2,37.91911765,FSLR
7/31/2018 16:00,52.35,1.36,676.2,38.49264706,FSLR
8/1/2018 16:00,53.38,1.36,676.2,39.25,FSLR
8/2/2018 16:00,53.59,1.36,676.2,39.40441176,FSLR
8/3/2018 16:00,52.84,1.36,676.2,38.85294118,FSLR
8/6/2018 16:00,53.57,1.36,676.2,39.38970588,FSLR
8/7/2018 16:00,53.6,1.36,676.2,39.41176471,FSLR
8/8/2018 16:00,54.46,1.36,676.2,40.04411765,FSLR
8/9/2018 16:00,54.45,1.36,676.2,40.03676471,FSLR
8/10/2018 16:00,52.79,1.36,676.2,38.81617647,FSLR
8/13/2018 16:00,52.47,1.36,676.2,38.58088235,FSLR
8/14/2018 16:00,52.01,1.36,676.2,38.24264706,FSLR
8/15/2018 16:00,50.7,1.36,676.2,37.27941176,FSLR
8/16/2018 16:00,50.86,1.36,676.2,37.39705882,FSLR
8/17/2018 16:00,51,1.36,676.2,37.5,FSLR
8/20/2018 16:00,52.32,1.36,676.2,38.47058824,FSLR
8/21/2018 16:00,52.93,1.36,676.2,38.91911765,FSLR
8/22/2018 16:00,52.55,1.36,676.2,38.63970588,FSLR
8/23/2018 16:00,51.57,1.36,676.2,37.91911765,FSLR
8/24/2018 16:00,52.08,1.36,676.2,38.29411765,FSLR
8/27/2018 16:00,52.61,1.36,676.2,38.68382353,FSLR
8/28/2018 16:00,51.94,1.36,676.2,38.19117647,FSLR
8/29/2018 16:00,53.07,1.36,676.2,39.02205882,FSLR
8/30/2018 16:00,52.16,1.36,676.2,38.35294118,FSLR
8/31/2018 16:00,52.08,1.36,676.2,38.29411765,FSLR
9/4/2018 16:00,51.31,1.36,676.2,37.72794118,FSLR
9/5/2018 16:00,51.26,1.36,676.2,37.69117647,FSLR
9/6/2018 16:00,50.15,1.36,676.2,36.875,FSLR
9/7/2018 16:00,48.51,1.36,676.2,35.66911765,FSLR
9/10/2018 16:00,48.16,1.36,676.2,35.41176471,FSLR
9/11/2018 16:00,48.45,1.36,676.2,35.625,FSLR
9/12/2018 16:00,48.9,1.36,676.2,35.95588235,FSLR
9/13/2018 16:00,48.41,1.36,676.2,35.59558824,FSLR
9/14/2018 16:00,48.21,1.36,676.2,35.44852941,FSLR
9/17/2018 16:00,47.75,1.36,676.2,35.11029412,FSLR
9/18/2018 16:00,49.55,1.36,676.2,36.43382353,FSLR
9/19/2018 16:00,49.6,1.36,676.2,36.47058824,FSLR
9/20/2018 16:00,50.29,1.36,676.2,36.97794118,FSLR
9/21/2018 16:00,49.98,1.36,676.2,36.75,FSLR
9/24/2018 16:00,50.23,1.36,676.2,36.93382353,FSLR
9/25/2018 16:00,49.65,1.36,676.2,36.50735294,FSLR
9/26/2018 16:00,48.55,1.36,676.2,35.69852941,FSLR
9/27/2018 16:00,48.52,1.36,676.2,35.67647059,FSLR
9/28/2018 16:00,48.42,1.36,676.2,35.60294118,FSLR
10/1/2018 16:00,48.98,1.36,691.2,36.01470588,FSLR
10/2/2018 16:00,49.23,1.36,691.2,36.19852941,FSLR
10/3/2018 16:00,48.3,1.36,691.2,35.51470588,FSLR
10/4/2018 16:00,47.65,1.36,691.2,35.03676471,FSLR
10/5/2018 16:00,46.97,1.36,691.2,34.53676471,FSLR
10/8/2018 16:00,47.27,1.36,691.2,34.75735294,FSLR
10/9/2018 16:00,47.13,1.36,691.2,34.65441176,FSLR
10/10/2018 16:00,46.36,1.36,691.2,34.08823529,FSLR
10/11/2018 16:00,45.37,1.36,691.2,33.36029412,FSLR
10/12/2018 16:00,45.53,1.36,691.2,33.47794118,FSLR
10/15/2018 16:00,46.12,1.36,691.2,33.91176471,FSLR
10/16/2018 16:00,47.61,1.36,691.2,35.00735294,FSLR
10/17/2018 16:00,47.22,1.36,691.2,34.72058824,FSLR
10/18/2018 16:00,46.71,1.36,691.2,34.34558824,FSLR
10/19/2018 16:00,46.59,1.36,691.2,34.25735294,FSLR
10/22/2018 16:00,45.35,1.36,691.2,33.34558824,FSLR
10/23/2018 16:00,44.19,1.36,691.2,32.49264706,FSLR
10/24/2018 16:00,42.43,1.36,691.2,31.19852941,FSLR
10/25/2018 16:00,43.52,1.36,691.2,32,FSLR
10/26/2018 16:00,39.38,1.36,691.2,28.95588235,FSLR
10/29/2018 16:00,36.92,1.36,691.2,27.14705882,FSLR
10/30/2018 16:00,39.78,1.36,691.2,29.25,FSLR
10/31/2018 16:00,41.8,1.36,691.2,30.73529412,FSLR
11/1/2018 16:00,41.46,1.36,691.2,30.48529412,FSLR
11/2/2018 16:00,43,1.36,691.2,31.61764706,FSLR
11/5/2018 16:00,43.93,1.36,691.2,32.30147059,FSLR
11/6/2018 16:00,42.83,1.36,691.2,31.49264706,FSLR
11/7/2018 16:00,44.17,1.36,691.2,32.47794118,FSLR
11/8/2018 16:00,42.67,1.36,691.2,31.375,FSLR
11/9/2018 16:00,42.22,1.36,691.2,31.04411765,FSLR
11/12/2018 16:00,42.71,1.36,691.2,31.40441176,FSLR
11/13/2018 16:00,42.45,1.36,691.2,31.21323529,FSLR
11/14/2018 16:00,42.54,1.36,691.2,31.27941176,FSLR
11/15/2018 16:00,44.08,1.36,691.2,32.41176471,FSLR
11/16/2018 16:00,44.37,1.36,691.2,32.625,FSLR
11/19/2018 16:00,43.94,1.36,691.2,32.30882353,FSLR
11/20/2018 16:00,42.05,1.36,691.2,30.91911765,FSLR
11/21/2018 16:00,42.6,1.36,691.2,31.32352941,FSLR
11/23/2018 13:00,43.34,1.36,691.2,31.86764706,FSLR
11/26/2018 16:00,43.43,1.36,691.2,31.93382353,FSLR
11/27/2018 16:00,44.87,1.36,691.2,32.99264706,FSLR
11/28/2018 16:00,45.4,1.36,691.2,33.38235294,FSLR
11/29/2018 16:00,44.34,1.36,691.2,32.60294118,FSLR
11/30/2018 16:00,44.45,1.36,691.2,32.68382353,FSLR
12/3/2018 16:00,46.4,1.36,691.2,34.11764706,FSLR
12/4/2018 16:00,44.5,1.36,691.2,32.72058824,FSLR
12/6/2018 16:00,43.71,1.36,691.2,32.13970588,FSLR
12/7/2018 16:00,42.59,1.36,691.2,31.31617647,FSLR
12/10/2018 16:00,43.21,1.36,691.2,31.77205882,FSLR
12/11/2018 16:00,42.45,1.36,691.2,31.21323529,FSLR
12/12/2018 16:00,43.6,1.36,691.2,32.05882353,FSLR
12/13/2018 16:00,45.3,1.36,691.2,33.30882353,FSLR
12/14/2018 16:00,43.64,1.36,691.2,32.08823529,FSLR
12/17/2018 16:00,42.04,1.36,691.2,30.91176471,FSLR
12/18/2018 16:00,43.23,1.36,691.2,31.78676471,FSLR
12/19/2018 16:00,42.25,1.36,691.2,31.06617647,FSLR
12/20/2018 16:00,42.37,1.36,691.2,31.15441176,FSLR
12/21/2018 16:00,40.55,1.36,691.2,29.81617647,FSLR
12/24/2018 13:00,39.24,1.36,691.2,28.85294118,FSLR
12/26/2018 16:00,41.99,1.36,691.2,30.875,FSLR
12/27/2018 16:00,42.3,1.36,691.2,31.10294118,FSLR
12/28/2018 16:00,42.39,1.36,691.2,31.16911765,FSLR
12/31/2018 16:00,42.46,1.36,691.2,31.22058824,FSLR
1/2/2019 16:00,42.56,-1.09,532,0,FSLR
1/3/2019 16:00,43.44,-1.09,532,0,FSLR
1/4/2019 16:00,46.32,-1.09,532,0,FSLR
1/7/2019 16:00,45.79,-1.09,532,0,FSLR
1/8/2019 16:00,46.23,-1.09,532,0,FSLR
1/9/2019 16:00,46.96,-1.09,532,0,FSLR
1/10/2019 16:00,47.74,-1.09,532,0,FSLR
1/11/2019 16:00,47.5,-1.09,532,0,FSLR
1/14/2019 16:00,46.73,-1.09,532,0,FSLR
1/15/2019 16:00,46.86,-1.09,532,0,FSLR
1/16/2019 16:00,47.3,-1.09,532,0,FSLR
1/17/2019 16:00,48.38,-1.09,532,0,FSLR
1/18/2019 16:00,47.94,-1.09,532,0,FSLR
1/22/2019 16:00,46.21,-1.09,532,0,FSLR
1/23/2019 16:00,46.54,-1.09,532,0,FSLR
1/24/2019 16:00,48.6,-1.09,532,0,FSLR
1/25/2019 16:00,49.86,-1.09,532,0,FSLR
1/28/2019 16:00,50.7,-1.09,532,0,FSLR
1/29/2019 16:00,50.08,-1.09,532,0,FSLR
1/30/2019 16:00,50.71,-1.09,532,0,FSLR
1/31/2019 16:00,50.59,-1.09,532,0,FSLR
2/1/2019 16:00,48.43,-1.09,532,0,FSLR
2/4/2019 16:00,49.29,-1.09,532,0,FSLR
2/5/2019 16:00,49.31,-1.09,532,0,FSLR
2/6/2019 16:00,48.89,-1.09,532,0,FSLR
2/7/2019 16:00,48,-1.09,532,0,FSLR
2/8/2019 16:00,48.1,-1.09,532,0,FSLR
2/11/2019 16:00,49.72,-1.09,532,0,FSLR
2/12/2019 16:00,50.26,-1.09,532,0,FSLR
2/13/2019 16:00,50.64,-1.09,532,0,FSLR
2/14/2019 16:00,51.02,-1.09,532,0,FSLR
2/15/2019 16:00,49.18,-1.09,532,0,FSLR
2/19/2019 16:00,52.06,-1.09,532,0,FSLR
2/20/2019 16:00,51.69,-1.09,532,0,FSLR
2/21/2019 16:00,51.95,-1.09,532,0,FSLR
2/22/2019 16:00,53.73,-1.09,532,0,FSLR
2/25/2019 16:00,51.77,-1.09,532,0,FSLR
2/26/2019 16:00,51.89,-1.09,532,0,FSLR
2/27/2019 16:00,52.38,-1.09,532,0,FSLR
2/28/2019 16:00,52.55,-1.09,532,0,FSLR
3/1/2019 16:00,53.41,-1.09,532,0,FSLR
3/4/2019 16:00,52.49,-1.09,532,0,FSLR
3/5/2019 16:00,52.19,-1.09,532,0,FSLR
3/6/2019 16:00,51.37,-1.09,532,0,FSLR
3/7/2019 16:00,50.36,-1.09,532,0,FSLR
3/8/2019 16:00,51.16,-1.09,532,0,FSLR
3/11/2019 16:00,53.62,-1.09,532,0,FSLR
3/12/2019 16:00,53.93,-1.09,532,0,FSLR
3/13/2019 16:00,54.71,-1.09,532,0,FSLR
3/14/2019 16:00,54.44,-1.09,532,0,FSLR
3/15/2019 16:00,53.71,-1.09,532,0,FSLR
3/18/2019 16:00,54.68,-1.09,532,0,FSLR
3/19/2019 16:00,55.45,-1.09,532,0,FSLR
3/20/2019 16:00,55.65,-1.09,532,0,FSLR
3/21/2019 16:00,54.81,-1.09,532,0,FSLR
3/22/2019 16:00,52.41,-1.09,532,0,FSLR
3/25/2019 16:00,51.72,-1.09,532,0,FSLR
3/26/2019 16:00,50.92,-1.09,532,0,FSLR
3/27/2019 16:00,51.19,-1.09,532,0,FSLR
3/28/2019 16:00,52.02,-1.09,532,0,FSLR
3/29/2019 16:00,52.84,-1.09,532,0,FSLR
4/1/2019 16:00,54.11,-1.09,585,0,FSLR
4/2/2019 16:00,53.9,-1.09,585,0,FSLR
4/3/2019 16:00,54.85,-1.09,585,0,FSLR
4/4/2019 16:00,55.38,-1.09,585,0,FSLR
4/5/2019 16:00,56.29,-1.09,585,0,FSLR
4/8/2019 16:00,57.08,-1.09,585,0,FSLR
4/9/2019 16:00,56.13,-1.09,585,0,FSLR
4/10/2019 16:00,60.77,-1.09,585,0,FSLR
4/11/2019 16:00,60.63,-1.09,585,0,FSLR
4/12/2019 16:00,60.18,-1.09,585,0,FSLR
4/15/2019 16:00,60.23,-1.09,585,0,FSLR
4/16/2019 16:00,60.51,-1.09,585,0,FSLR
4/17/2019 16:00,60.66,-1.09,585,0,FSLR
4/18/2019 16:00,59.85,-1.09,585,0,FSLR
4/22/2019 16:00,59.96,-1.09,585,0,FSLR
4/23/2019 16:00,61.62,-1.09,585,0,FSLR
4/24/2019 16:00,61.82,-1.09,585,0,FSLR
4/25/2019 16:00,61.25,-1.09,585,0,FSLR
4/26/2019 16:00,61.54,-1.09,585,0,FSLR
4/29/2019 16:00,61.84,-1.09,585,0,FSLR
4/30/2019 16:00,61.53,-1.09,585,0,FSLR
5/1/2019 16:00,60.87,-1.09,585,0,FSLR
5/2/2019 16:00,59.86,-1.09,585,0,FSLR
5/3/2019 16:00,61.76,-1.09,585,0,FSLR
5/6/2019 16:00,60.29,-1.09,585,0,FSLR
5/7/2019 16:00,61.69,-1.09,585,0,FSLR
5/8/2019 16:00,60.33,-1.09,585,0,FSLR
5/9/2019 16:00,58.92,-1.09,585,0,FSLR
5/10/2019 16:00,59.99,-1.09,585,0,FSLR
5/13/2019 16:00,58.4,-1.09,585,0,FSLR
5/14/2019 16:00,59.33,-1.09,585,0,FSLR
5/15/2019 16:00,59.86,-1.09,585,0,FSLR
5/16/2019 16:00,60.67,-1.09,585,0,FSLR
5/17/2019 16:00,58.38,-1.09,585,0,FSLR
5/20/2019 16:00,57.77,-1.09,585,0,FSLR
5/21/2019 16:00,58.94,-1.09,585,0,FSLR
5/22/2019 16:00,59.06,-1.09,585,0,FSLR
5/23/2019 16:00,57.33,-1.09,585,0,FSLR
5/24/2019 16:00,57.31,-1.09,585,0,FSLR
5/28/2019 16:00,58.35,-1.09,585,0,FSLR
5/29/2019 16:00,57.86,-1.09,585,0,FSLR
5/30/2019 16:00,59.64,-1.09,585,0,FSLR
5/31/2019 16:00,58.04,-1.09,585,0,FSLR
6/3/2019 16:00,58.75,-1.09,585,0,FSLR
6/4/2019 16:00,60.87,-1.09,585,0,FSLR
6/5/2019 16:00,60.93,-1.09,585,0,FSLR
6/6/2019 16:00,61.42,-1.09,585,0,FSLR
6/7/2019 16:00,62.53,-1.09,585,0,FSLR
6/10/2019 16:00,63.16,-1.09,585,0,FSLR
6/11/2019 16:00,64.25,-1.09,585,0,FSLR
6/12/2019 16:00,59.88,-1.09,585,0,FSLR
6/13/2019 16:00,62.15,-1.09,585,0,FSLR
6/14/2019 16:00,61.24,-1.09,585,0,FSLR
6/17/2019 16:00,60.94,-1.09,585,0,FSLR
6/18/2019 16:00,62.87,-1.09,585,0,FSLR
6/19/2019 16:00,62.78,-1.09,585,0,FSLR
6/20/2019 16:00,63.04,-1.09,585,0,FSLR
6/21/2019 16:00,62.91,-1.09,585,0,FSLR
6/24/2019 16:00,62.68,-1.09,585,0,FSLR
6/25/2019 16:00,61.76,-1.09,585,0,FSLR
6/26/2019 16:00,62.57,-1.09,585,0,FSLR
6/27/2019 16:00,65.47,-1.09,585,0,FSLR
6/28/2019 16:00,65.68,-1.09,585,0,FSLR
7/1/2019 16:00,66.13,-1.09,546.8,0,FSLR
7/2/2019 16:00,66.65,-1.09,546.8,0,FSLR
7/3/2019 13:00,66.19,-1.09,546.8,0,FSLR
7/5/2019 16:00,66.84,-1.09,546.8,0,FSLR
7/8/2019 16:00,66.64,-1.09,546.8,0,FSLR
7/9/2019 16:00,67.11,-1.09,546.8,0,FSLR
7/10/2019 16:00,66.26,-1.09,546.8,0,FSLR
7/11/2019 16:00,66.11,-1.09,546.8,0,FSLR
7/12/2019 16:00,65.98,-1.09,546.8,0,FSLR
7/15/2019 16:00,66,-1.09,546.8,0,FSLR
7/16/2019 16:00,64.49,-1.09,546.8,0,FSLR
7/17/2019 16:00,64.81,-1.09,546.8,0,FSLR
7/18/2019 16:00,65.96,-1.09,546.8,0,FSLR
7/19/2019 16:00,66.53,-1.09,546.8,0,FSLR
7/22/2019 16:00,66.59,-1.09,546.8,0,FSLR
7/23/2019 16:00,66.4,-1.09,546.8,0,FSLR
7/24/2019 16:00,66.04,-1.09,546.8,0,FSLR
7/25/2019 16:00,65.57,-1.09,546.8,0,FSLR
7/26/2019 16:00,65.02,-1.09,546.8,0,FSLR
7/29/2019 16:00,66.05,-1.09,546.8,0,FSLR
7/30/2019 16:00,66.04,-1.09,546.8,0,FSLR
7/31/2019 16:00,64.49,-1.09,546.8,0,FSLR
8/1/2019 16:00,66.83,-1.09,546.8,0,FSLR
8/2/2019 16:00,66.63,-1.09,546.8,0,FSLR
8/5/2019 16:00,62.01,-1.09,546.8,0,FSLR
8/6/2019 16:00,62.8,-1.09,546.8,0,FSLR
8/7/2019 16:00,63.87,-1.09,546.8,0,FSLR
8/8/2019 16:00,64.76,-1.09,546.8,0,FSLR
8/9/2019 16:00,63.5,-1.09,546.8,0,FSLR
8/12/2019 16:00,60.94,-1.09,546.8,0,FSLR
8/13/2019 16:00,62.19,-1.09,546.8,0,FSLR
8/14/2019 16:00,58.99,-1.09,546.8,0,FSLR
8/15/2019 16:00,59.26,-1.09,546.8,0,FSLR
8/16/2019 16:00,61.69,-1.09,546.8,0,FSLR
8/19/2019 16:00,63.07,-1.09,546.8,0,FSLR
8/20/2019 16:00,63.08,-1.09,546.8,0,FSLR
8/21/2019 16:00,63.87,-1.09,546.8,0,FSLR
8/22/2019 16:00,63.05,-1.09,546.8,0,FSLR
8/23/2019 16:00,60.89,-1.09,546.8,0,FSLR
8/26/2019 16:00,62.24,-1.09,546.8,0,FSLR
8/27/2019 16:00,61.86,-1.09,546.8,0,FSLR
8/28/2019 16:00,62.05,-1.09,546.8,0,FSLR
8/29/2019 16:00,62.49,-1.09,546.8,0,FSLR
8/30/2019 16:00,62.07,-1.09,546.8,0,FSLR
9/3/2019 16:00,60.97,-1.09,546.8,0,FSLR
9/4/2019 16:00,62.46,-1.09,546.8,0,FSLR
9/5/2019 16:00,62.83,-1.09,546.8,0,FSLR
9/6/2019 16:00,62.81,-1.09,546.8,0,FSLR
9/9/2019 16:00,62,-1.09,546.8,0,FSLR
9/10/2019 16:00,62.38,-1.09,546.8,0,FSLR
9/11/2019 16:00,63.31,-1.09,546.8,0,FSLR
9/12/2019 16:00,62.23,-1.09,546.8,0,FSLR
9/13/2019 16:00,63.7,-1.09,546.8,0,FSLR
9/16/2019 16:00,63.44,-1.09,546.8,0,FSLR
9/17/2019 16:00,65.82,-1.09,546.8,0,FSLR
9/18/2019 16:00,65.75,-1.09,546.8,0,FSLR
9/19/2019 16:00,67.07,-1.09,546.8,0,FSLR
9/20/2019 16:00,66.7,-1.09,546.8,0,FSLR
9/23/2019 16:00,67.31,-1.09,546.8,0,FSLR
9/24/2019 16:00,65.48,-1.09,546.8,0,FSLR
9/25/2019 16:00,67.1,-1.09,546.8,0,FSLR
9/26/2019 16:00,62.54,-1.09,546.8,0,FSLR
9/27/2019 16:00,58.46,-1.09,546.8,0,FSLR
9/30/2019 16:00,58.01,-1.09,546.8,0,FSLR
10/1/2019 16:00,56.28,-1.09,1399.4,0,FSLR
10/2/2019 16:00,55.91,-1.09,1399.4,0,FSLR
10/3/2019 16:00,57.17,-1.09,1399.4,0,FSLR
10/4/2019 16:00,59.32,-1.09,1399.4,0,FSLR
10/7/2019 16:00,56.96,-1.09,1399.4,0,FSLR
10/8/2019 16:00,56.96,-1.09,1399.4,0,FSLR
10/9/2019 16:00,56.2,-1.09,1399.4,0,FSLR
10/10/2019 16:00,56.63,-1.09,1399.4,0,FSLR
10/11/2019 16:00,56.82,-1.09,1399.4,0,FSLR
10/14/2019 16:00,56.49,-1.09,1399.4,0,FSLR
10/15/2019 16:00,55.88,-1.09,1399.4,0,FSLR
10/16/2019 16:00,55.01,-1.09,1399.4,0,FSLR
10/17/2019 16:00,55.25,-1.09,1399.4,0,FSLR
10/18/2019 16:00,55.22,-1.09,1399.4,0,FSLR
10/21/2019 16:00,56.34,-1.09,1399.4,0,FSLR
10/22/2019 16:00,56.22,-1.09,1399.4,0,FSLR
10/23/2019 16:00,55.28,-1.09,1399.4,0,FSLR
10/24/2019 16:00,55.89,-1.09,1399.4,0,FSLR
10/25/2019 16:00,52.66,-1.09,1399.4,0,FSLR
10/28/2019 16:00,53.24,-1.09,1399.4,0,FSLR
10/29/2019 16:00,53.29,-1.09,1399.4,0,FSLR
10/30/2019 16:00,51.85,-1.09,1399.4,0,FSLR
10/31/2019 16:00,51.79,-1.09,1399.4,0,FSLR
11/1/2019 16:00,52.58,-1.09,1399.4,0,FSLR
11/4/2019 16:00,53.06,-1.09,1399.4,0,FSLR
11/5/2019 16:00,53.87,-1.09,1399.4,0,FSLR
11/6/2019 16:00,53.36,-1.09,1399.4,0,FSLR
11/7/2019 16:00,52.63,-1.09,1399.4,0,FSLR
11/8/2019 16:00,51.97,-1.09,1399.4,0,FSLR
11/11/2019 16:00,52.48,-1.09,1399.4,0,FSLR
11/12/2019 16:00,52.97,-1.09,1399.4,0,FSLR
11/13/2019 16:00,53.09,-1.09,1399.4,0,FSLR
11/14/2019 16:00,52.54,-1.09,1399.4,0,FSLR
11/15/2019 16:00,53.36,-1.09,1399.4,0,FSLR
11/18/2019 16:00,53.15,-1.09,1399.4,0,FSLR
11/19/2019 16:00,54.59,-1.09,1399.4,0,FSLR
11/20/2019 16:00,54.32,-1.09,1399.4,0,FSLR
11/21/2019 16:00,53.86,-1.09,1399.4,0,FSLR
11/22/2019 16:00,54.38,-1.09,1399.4,0,FSLR
11/25/2019 16:00,54.96,-1.09,1399.4,0,FSLR
11/26/2019 16:00,55.09,-1.09,1399.4,0,FSLR
11/27/2019 16:00,55.62,-1.09,1399.4,0,FSLR
11/29/2019 13:00,55.24,-1.09,1399.4,0,FSLR
12/2/2019 16:00,54.72,-1.09,1399.4,0,FSLR
12/3/2019 16:00,54.35,-1.09,1399.4,0,FSLR
12/4/2019 16:00,54.79,-1.09,1399.4,0,FSLR
12/5/2019 16:00,52.3,-1.09,1399.4,0,FSLR
12/6/2019 16:00,53.37,-1.09,1399.4,0,FSLR
12/9/2019 16:00,52.44,-1.09,1399.4,0,FSLR
12/10/2019 16:00,52.47,-1.09,1399.4,0,FSLR
12/11/2019 16:00,53.87,-1.09,1399.4,0,FSLR
12/12/2019 16:00,55.04,-1.09,1399.4,0,FSLR
12/13/2019 16:00,54.98,-1.09,1399.4,0,FSLR
12/16/2019 16:00,56.53,-1.09,1399.4,0,FSLR
12/17/2019 16:00,56.3,-1.09,1399.4,0,FSLR
12/18/2019 16:00,56.49,-1.09,1399.4,0,FSLR
12/19/2019 16:00,57.07,-1.09,1399.4,0,FSLR
12/20/2019 16:00,57.31,-1.09,1399.4,0,FSLR
12/23/2019 16:00,57.86,-1.09,1399.4,0,FSLR
12/24/2019 13:00,57.98,-1.09,1399.4,0,FSLR
12/26/2019 16:00,58.66,-1.09,1399.4,0,FSLR
12/27/2019 16:00,56.41,-1.09,1399.4,0,FSLR
12/30/2019 16:00,56.26,-1.09,1399.4,0,FSLR
12/31/2019 16:00,55.96,-1.09,1399.4,0,FSLR
1/2/2020 16:00,57.24,3.73,532.1,15.3458445,FSLR
1/3/2020 16:00,57.02,3.73,532.1,15.28686327,FSLR
1/6/2020 16:00,55.83,3.73,532.1,14.96782842,FSLR
1/7/2020 16:00,56.67,3.73,532.1,15.19302949,FSLR
1/8/2020 16:00,56.7,3.73,532.1,15.20107239,FSLR
1/9/2020 16:00,56.7,3.73,532.1,15.20107239,FSLR
1/10/2020 16:00,56.5,3.73,532.1,15.14745308,FSLR
1/13/2020 16:00,57.44,3.73,532.1,15.39946381,FSLR
1/14/2020 16:00,58.78,3.73,532.1,15.75871314,FSLR
1/15/2020 16:00,54.75,3.73,532.1,14.67828418,FSLR
1/16/2020 16:00,53.93,3.73,532.1,14.45844504,FSLR
1/17/2020 16:00,53.52,3.73,532.1,14.34852547,FSLR
1/21/2020 16:00,51.55,3.73,532.1,13.82037534,FSLR
1/22/2020 16:00,50.56,3.73,532.1,13.55495979,FSLR
1/23/2020 16:00,52.02,3.73,532.1,13.9463807,FSLR
1/24/2020 16:00,51.94,3.73,532.1,13.92493298,FSLR
1/27/2020 16:00,50.49,3.73,532.1,13.53619303,FSLR
1/28/2020 16:00,51.11,3.73,532.1,13.70241287,FSLR
1/29/2020 16:00,50.9,3.73,532.1,13.6461126,FSLR
1/30/2020 16:00,50.72,3.73,532.1,13.59785523,FSLR
1/31/2020 16:00,49.58,3.73,532.1,13.2922252,FSLR
2/3/2020 16:00,50.24,3.73,532.1,13.4691689,FSLR
2/4/2020 16:00,52.67,3.73,532.1,14.12064343,FSLR
2/5/2020 16:00,53.1,3.73,532.1,14.23592493,FSLR
2/6/2020 16:00,52.65,3.73,532.1,14.1152815,FSLR
2/7/2020 16:00,52.46,3.73,532.1,14.06434316,FSLR
2/10/2020 16:00,52.75,3.73,532.1,14.14209115,FSLR
2/11/2020 16:00,53.53,3.73,532.1,14.35120643,FSLR
2/12/2020 16:00,56.12,3.73,532.1,15.04557641,FSLR
2/13/2020 16:00,54.61,3.73,532.1,14.64075067,FSLR
2/14/2020 16:00,55.26,3.73,532.1,14.8150134,FSLR
2/18/2020 16:00,55.65,3.73,532.1,14.91957105,FSLR
2/19/2020 16:00,57.37,3.73,532.1,15.38069705,FSLR
2/20/2020 16:00,59.32,3.73,532.1,15.90348525,FSLR
2/21/2020 16:00,50.59,3.73,532.1,13.56300268,FSLR
2/24/2020 16:00,51.21,3.73,532.1,13.72922252,FSLR
2/25/2020 16:00,48.57,3.73,532.1,13.02144772,FSLR
2/26/2020 16:00,46.11,3.73,532.1,12.36193029,FSLR
2/27/2020 16:00,44.25,3.73,532.1,11.86327078,FSLR
2/28/2020 16:00,45.77,3.73,532.1,12.27077748,FSLR
3/2/2020 16:00,44.95,3.73,532.1,12.05093834,FSLR
3/3/2020 16:00,44.21,3.73,532.1,11.85254692,FSLR
3/4/2020 16:00,45.48,3.73,532.1,12.19302949,FSLR
3/5/2020 16:00,45.47,3.73,532.1,12.19034853,FSLR
3/6/2020 16:00,43.37,3.73,532.1,11.62734584,FSLR
3/9/2020 16:00,39.15,3.73,532.1,10.49597855,FSLR
3/10/2020 16:00,41.08,3.73,532.1,11.01340483,FSLR
3/11/2020 16:00,37.23,3.73,532.1,9.981233244,FSLR
3/12/2020 16:00,36.56,3.73,532.1,9.801608579,FSLR
3/13/2020 16:00,35.96,3.73,532.1,9.64075067,FSLR
3/16/2020 16:00,31.54,3.73,532.1,8.455764075,FSLR
3/17/2020 16:00,32.26,3.73,532.1,8.648793566,FSLR
3/18/2020 16:00,30.2,3.73,532.1,8.096514745,FSLR
3/19/2020 16:00,33.46,3.73,532.1,8.970509383,FSLR
3/20/2020 16:00,33.69,3.73,532.1,9.032171582,FSLR
3/23/2020 16:00,33.07,3.73,532.1,8.865951743,FSLR
3/24/2020 16:00,33.71,3.73,532.1,9.037533512,FSLR
3/25/2020 16:00,34.79,3.73,532.1,9.327077748,FSLR
3/26/2020 16:00,37.62,3.73,532.1,10.08579088,FSLR
3/27/2020 16:00,35.63,3.73,532.1,9.55227882,FSLR
3/30/2020 16:00,36.06,3.73,532.1,9.667560322,FSLR
3/31/2020 16:00,36.06,3.73,532.1,9.667560322,FSLR
4/1/2020 16:00,33.44,3.73,642.4,8.965147453,FSLR
4/2/2020 16:00,35.31,3.73,642.4,9.466487936,FSLR
4/3/2020 16:00,34.38,3.73,642.4,9.217158177,FSLR
4/6/2020 16:00,36.75,3.73,642.4,9.852546917,FSLR
4/7/2020 16:00,37.35,3.73,642.4,10.01340483,FSLR
4/8/2020 16:00,38.9,3.73,642.4,10.42895442,FSLR
4/9/2020 16:00,40.45,3.73,642.4,10.84450402,FSLR
4/13/2020 16:00,40.61,3.73,642.4,10.88739946,FSLR
4/14/2020 16:00,42.12,3.73,642.4,11.2922252,FSLR
4/15/2020 16:00,40.93,3.73,642.4,10.97319035,FSLR
4/16/2020 16:00,40.15,3.73,642.4,10.76407507,FSLR
4/17/2020 16:00,42.2,3.73,642.4,11.31367292,FSLR
4/20/2020 16:00,41,3.73,642.4,10.9919571,FSLR
4/21/2020 16:00,39.18,3.73,642.4,10.50402145,FSLR
4/22/2020 16:00,40.23,3.73,642.4,10.78552279,FSLR
4/23/2020 16:00,42.29,3.73,642.4,11.33780161,FSLR
4/24/2020 16:00,40.84,3.73,642.4,10.94906166,FSLR
4/27/2020 16:00,43.26,3.73,642.4,11.59785523,FSLR
4/28/2020 16:00,41.77,3.73,642.4,11.19839142,FSLR
4/29/2020 16:00,45.55,3.73,642.4,12.21179625,FSLR
4/30/2020 16:00,44.01,3.73,642.4,11.79892761,FSLR
5/1/2020 16:00,41.98,3.73,642.4,11.25469169,FSLR
5/4/2020 16:00,43.4,3.73,642.4,11.63538874,FSLR
5/5/2020 16:00,43.1,3.73,642.4,11.55495979,FSLR
5/6/2020 16:00,43.12,3.73,642.4,11.56032172,FSLR
5/7/2020 16:00,44.66,3.73,642.4,11.97319035,FSLR
5/8/2020 16:00,44.16,3.73,642.4,11.83914209,FSLR
5/11/2020 16:00,42.87,3.73,642.4,11.49329759,FSLR
5/12/2020 16:00,40.35,3.73,642.4,10.81769437,FSLR
5/13/2020 16:00,39.43,3.73,642.4,10.57104558,FSLR
5/14/2020 16:00,39.79,3.73,642.4,10.66756032,FSLR
5/15/2020 16:00,39.37,3.73,642.4,10.55495979,FSLR
5/18/2020 16:00,42.37,3.73,642.4,11.35924933,FSLR
5/19/2020 16:00,43.23,3.73,642.4,11.58981233,FSLR
5/20/2020 16:00,43.94,3.73,642.4,11.78016086,FSLR
5/21/2020 16:00,43.76,3.73,642.4,11.73190349,FSLR
5/22/2020 16:00,43.47,3.73,642.4,11.6541555,FSLR
5/26/2020 16:00,46.56,3.73,642.4,12.48257373,FSLR
5/27/2020 16:00,46.61,3.73,642.4,12.49597855,FSLR
5/28/2020 16:00,45.52,3.73,642.4,12.20375335,FSLR
5/29/2020 16:00,46.62,3.73,642.4,12.49865952,FSLR
6/1/2020 16:00,48.01,3.73,642.4,12.87131367,FSLR
6/2/2020 16:00,47.9,3.73,642.4,12.84182306,FSLR
6/3/2020 16:00,49.5,3.73,642.4,13.27077748,FSLR
6/4/2020 16:00,49.61,3.73,642.4,13.3002681,FSLR
6/5/2020 16:00,51.38,3.73,642.4,13.77479893,FSLR
6/8/2020 16:00,54.44,3.73,642.4,14.59517426,FSLR
6/9/2020 16:00,53.06,3.73,642.4,14.22520107,FSLR
6/10/2020 16:00,51.19,3.73,642.4,13.72386059,FSLR
6/11/2020 16:00,48.94,3.73,642.4,13.12064343,FSLR
6/12/2020 16:00,49.42,3.73,642.4,13.24932976,FSLR
6/15/2020 16:00,50.11,3.73,642.4,13.43431635,FSLR
6/16/2020 16:00,51.31,3.73,642.4,13.75603217,FSLR
6/17/2020 16:00,49.9,3.73,642.4,13.37801609,FSLR
6/18/2020 16:00,50.47,3.73,642.4,13.5308311,FSLR
6/19/2020 16:00,50.2,3.73,642.4,13.45844504,FSLR
6/22/2020 16:00,49.8,3.73,642.4,13.35120643,FSLR
6/23/2020 16:00,51.92,3.73,642.4,13.91957105,FSLR
6/24/2020 16:00,49.08,3.73,642.4,13.15817694,FSLR
6/25/2020 16:00,50.38,3.73,642.4,13.50670241,FSLR
6/26/2020 16:00,48.76,3.73,642.4,13.07238606,FSLR
6/29/2020 16:00,49.61,3.73,642.4,13.3002681,FSLR
6/30/2020 16:00,49.5,3.73,642.4,13.27077748,FSLR
7/1/2020 16:00,49.09,3.73,927.6,13.16085791,FSLR
7/2/2020 16:00,49.88,3.73,927.6,13.37265416,FSLR
7/6/2020 16:00,53.41,3.73,927.6,14.31903485,FSLR
7/7/2020 16:00,53.16,3.73,927.6,14.25201072,FSLR
7/8/2020 16:00,58.06,3.73,927.6,15.56568365,FSLR
7/9/2020 16:00,57.2,3.73,927.6,15.33512064,FSLR
7/10/2020 16:00,57.49,3.73,927.6,15.41286863,FSLR
7/13/2020 16:00,56.21,3.73,927.6,15.06970509,FSLR
7/14/2020 16:00,61.78,3.73,927.6,16.56300268,FSLR
7/15/2020 16:00,60.98,3.73,927.6,16.34852547,FSLR
7/16/2020 16:00,59.03,3.73,927.6,15.82573727,FSLR
7/17/2020 16:00,61,3.73,927.6,16.3538874,FSLR
7/20/2020 16:00,62.16,3.73,927.6,16.66487936,FSLR
7/21/2020 16:00,60.74,3.73,927.6,16.28418231,FSLR
7/22/2020 16:00,61.15,3.73,927.6,16.39410188,FSLR
7/23/2020 16:00,62.5,3.73,927.6,16.75603217,FSLR
7/24/2020 16:00,62.16,3.73,927.6,16.66487936,FSLR
7/27/2020 16:00,62.26,3.73,927.6,16.69168901,FSLR
7/28/2020 16:00,59.68,3.73,927.6,16,FSLR
7/29/2020 16:00,60.11,3.73,927.6,16.1152815,FSLR
7/30/2020 16:00,59.7,3.73,927.6,16.00536193,FSLR
7/31/2020 16:00,59.55,3.73,927.6,15.96514745,FSLR
8/3/2020 16:00,60.84,3.73,927.6,16.31099196,FSLR
8/4/2020 16:00,64.04,3.73,927.6,17.1689008,FSLR
8/5/2020 16:00,65.73,3.73,927.6,17.62198391,FSLR
8/6/2020 16:00,64.46,3.73,927.6,17.28150134,FSLR
8/7/2020 16:00,72.93,3.73,927.6,19.55227882,FSLR
8/10/2020 16:00,72.5,3.73,927.6,19.43699732,FSLR
8/11/2020 16:00,70.19,3.73,927.6,18.81769437,FSLR
8/12/2020 16:00,73.53,3.73,927.6,19.71313673,FSLR
8/13/2020 16:00,75.71,3.73,927.6,20.29758713,FSLR
8/14/2020 16:00,74.31,3.73,927.6,19.92225201,FSLR
8/17/2020 16:00,73.61,3.73,927.6,19.73458445,FSLR
8/18/2020 16:00,74.41,3.73,927.6,19.94906166,FSLR
8/19/2020 16:00,75.85,3.73,927.6,20.33512064,FSLR
8/20/2020 16:00,73.66,3.73,927.6,19.74798928,FSLR
8/21/2020 16:00,74.1,3.73,927.6,19.86595174,FSLR
8/24/2020 16:00,76.52,3.73,927.6,20.51474531,FSLR
8/25/2020 16:00,77.37,3.73,927.6,20.74262735,FSLR
8/26/2020 16:00,78.19,3.73,927.6,20.96246649,FSLR
8/27/2020 16:00,77.61,3.73,927.6,20.80697051,FSLR
8/28/2020 16:00,80,3.73,927.6,21.44772118,FSLR
8/31/2020 16:00,76.59,3.73,927.6,20.53351206,FSLR
9/1/2020 16:00,78.42,3.73,927.6,21.02412869,FSLR
9/2/2020 16:00,77.45,3.73,927.6,20.76407507,FSLR
9/3/2020 16:00,72.5,3.73,927.6,19.43699732,FSLR
9/4/2020 16:00,72.06,3.73,927.6,19.31903485,FSLR
9/8/2020 16:00,69.37,3.73,927.6,18.59785523,FSLR
9/9/2020 16:00,71.7,3.73,927.6,19.22252011,FSLR
9/10/2020 16:00,69.89,3.73,927.6,18.73726542,FSLR
9/11/2020 16:00,69.91,3.73,927.6,18.74262735,FSLR
9/14/2020 16:00,71.46,3.73,927.6,19.15817694,FSLR
9/15/2020 16:00,72.89,3.73,927.6,19.54155496,FSLR
9/16/2020 16:00,71.96,3.73,927.6,19.2922252,FSLR
9/17/2020 16:00,64,3.73,927.6,17.15817694,FSLR
9/18/2020 16:00,61.75,3.73,927.6,16.55495979,FSLR
9/21/2020 16:00,61.67,3.73,927.6,16.53351206,FSLR
9/22/2020 16:00,61.55,3.73,927.6,16.50134048,FSLR
9/23/2020 16:00,62.02,3.73,927.6,16.62734584,FSLR
9/24/2020 16:00,61.3,3.73,927.6,16.43431635,FSLR
9/25/2020 16:00,63.05,3.73,927.6,16.90348525,FSLR
9/28/2020 16:00,65.37,3.73,927.6,17.52546917,FSLR
9/29/2020 16:00,65.76,3.73,927.6,17.63002681,FSLR
9/30/2020 16:00,66.2,3.73,927.6,17.74798928,FSLR
10/1/2020 16:00,68.57,3.73,609.2,18.38337802,FSLR
10/2/2020 16:00,67.24,3.73,609.2,18.02680965,FSLR
10/5/2020 16:00,71.5,3.73,609.2,19.1689008,FSLR
10/6/2020 16:00,73.44,3.73,609.2,19.68900804,FSLR
10/7/2020 16:00,78.71,3.73,609.2,21.10187668,FSLR
10/8/2020 16:00,77.12,3.73,609.2,20.67560322,FSLR
10/9/2020 16:00,78.81,3.73,609.2,21.12868633,FSLR
10/12/2020 16:00,79.31,3.73,609.2,21.26273458,FSLR
10/13/2020 16:00,82.93,3.73,609.2,22.23324397,FSLR
10/14/2020 16:00,83.72,3.73,609.2,22.44504021,FSLR
10/15/2020 16:00,82.28,3.73,609.2,22.05898123,FSLR
10/16/2020 16:00,84.18,3.73,609.2,22.56836461,FSLR
10/19/2020 16:00,83.43,3.73,609.2,22.36729223,FSLR
10/20/2020 16:00,84.3,3.73,609.2,22.60053619,FSLR
10/21/2020 16:00,81.6,3.73,609.2,21.8766756,FSLR
10/22/2020 16:00,82.65,3.73,609.2,22.15817694,FSLR
10/23/2020 16:00,85.37,3.73,609.2,22.88739946,FSLR
10/26/2020 16:00,83.75,3.73,609.2,22.45308311,FSLR
10/27/2020 16:00,82.39,3.73,609.2,22.08847185,FSLR
10/28/2020 16:00,93.31,3.73,609.2,25.01608579,FSLR
10/29/2020 16:00,87.46,3.73,609.2,23.44772118,FSLR
10/30/2020 16:00,87.05,3.73,609.2,23.33780161,FSLR
11/2/2020 16:00,88.89,3.73,609.2,23.8310992,FSLR
11/3/2020 16:00,87.24,3.73,609.2,23.38873995,FSLR
11/4/2020 16:00,79.78,3.73,609.2,21.38873995,FSLR
11/5/2020 16:00,86.9,3.73,609.2,23.29758713,FSLR
11/6/2020 16:00,88.27,3.73,609.2,23.66487936,FSLR
11/9/2020 16:00,86.11,3.73,609.2,23.08579088,FSLR
11/10/2020 16:00,80.75,3.73,609.2,21.64879357,FSLR
11/11/2020 16:00,84.2,3.73,609.2,22.57372654,FSLR
11/12/2020 16:00,81.4,3.73,609.2,21.8230563,FSLR
11/13/2020 16:00,79.95,3.73,609.2,21.43431635,FSLR
11/16/2020 16:00,80.21,3.73,609.2,21.50402145,FSLR
11/17/2020 16:00,81.48,3.73,609.2,21.84450402,FSLR
11/18/2020 16:00,81.99,3.73,609.2,21.98123324,FSLR
11/19/2020 16:00,84.06,3.73,609.2,22.53619303,FSLR
11/20/2020 16:00,84.69,3.73,609.2,22.70509383,FSLR
11/23/2020 16:00,86.92,3.73,609.2,23.30294906,FSLR
11/24/2020 16:00,90.41,3.73,609.2,24.2386059,FSLR
11/25/2020 16:00,92.45,3.73,609.2,24.78552279,FSLR
11/27/2020 13:00,94.7,3.73,609.2,25.38873995,FSLR
11/30/2020 16:00,93.43,3.73,609.2,25.04825737,FSLR
12/1/2020 16:00,91.06,3.73,609.2,24.41286863,FSLR
12/2/2020 16:00,90.49,3.73,609.2,24.26005362,FSLR
12/3/2020 16:00,88.92,3.73,609.2,23.83914209,FSLR
12/4/2020 16:00,89.26,3.73,609.2,23.93029491,FSLR
12/7/2020 16:00,88.75,3.73,609.2,23.79356568,FSLR
12/8/2020 16:00,89.89,3.73,609.2,24.09919571,FSLR
12/9/2020 16:00,86.22,3.73,609.2,23.1152815,FSLR
12/10/2020 16:00,86.54,3.73,609.2,23.20107239,FSLR
12/11/2020 16:00,86.37,3.73,609.2,23.15549598,FSLR
12/14/2020 16:00,86.59,3.73,609.2,23.21447721,FSLR
12/15/2020 16:00,91.26,3.73,609.2,24.46648794,FSLR
12/16/2020 16:00,91.77,3.73,609.2,24.60321716,FSLR
12/17/2020 16:00,92.32,3.73,609.2,24.75067024,FSLR
12/18/2020 16:00,93.59,3.73,609.2,25.09115282,FSLR
12/21/2020 16:00,96.41,3.73,609.2,25.84718499,FSLR
12/22/2020 16:00,105.16,3.73,609.2,28.19302949,FSLR
12/23/2020 16:00,101.83,3.73,609.2,27.3002681,FSLR
12/24/2020 13:00,102.4,3.73,609.2,27.45308311,FSLR
12/28/2020 16:00,101.19,3.73,609.2,27.12868633,FSLR
12/29/2020 16:00,96.98,3.73,609.2,26,FSLR
12/30/2020 16:00,100.34,3.73,609.2,26.90080429,FSLR
12/31/2020 16:00,98.92,3.73,609.2,26.52010724,FSLR
1/4/2021 16:00,101.24,4.38,803.4,23.11415525,FSLR
1/5/2021 16:00,92.16,4.38,803.4,21.04109589,FSLR
1/6/2021 16:00,99.69,4.38,803.4,22.76027397,FSLR
1/7/2021 16:00,105.5,4.38,803.4,24.08675799,FSLR
1/8/2021 16:00,104.1,4.38,803.4,23.76712329,FSLR
1/11/2021 16:00,103.76,4.38,803.4,23.68949772,FSLR
1/12/2021 16:00,104.32,4.38,803.4,23.8173516,FSLR
1/13/2021 16:00,104.18,4.38,803.4,23.78538813,FSLR
1/14/2021 16:00,106.04,4.38,803.4,24.21004566,FSLR
1/15/2021 16:00,96.58,4.38,803.4,22.05022831,FSLR
1/19/2021 16:00,100.24,4.38,803.4,22.88584475,FSLR
1/20/2021 16:00,101.75,4.38,803.4,23.23059361,FSLR
1/21/2021 16:00,107.53,4.38,803.4,24.55022831,FSLR
1/22/2021 16:00,106.67,4.38,803.4,24.35388128,FSLR
1/25/2021 16:00,104.94,4.38,803.4,23.95890411,FSLR
1/26/2021 16:00,104.69,4.38,803.4,23.90182648,FSLR
1/27/2021 16:00,102.81,4.38,803.4,23.47260274,FSLR
1/28/2021 16:00,105.1,4.38,803.4,23.99543379,FSLR
1/29/2021 16:00,99.15,4.38,803.4,22.6369863,FSLR
2/1/2021 16:00,98.31,4.38,803.4,22.44520548,FSLR
2/2/2021 16:00,97.29,4.38,803.4,22.21232877,FSLR
2/3/2021 16:00,98.94,4.38,803.4,22.5890411,FSLR
2/4/2021 16:00,98.59,4.38,803.4,22.50913242,FSLR
2/5/2021 16:00,97.4,4.38,803.4,22.23744292,FSLR
2/8/2021 16:00,100.33,4.38,803.4,22.90639269,FSLR
2/9/2021 16:00,101.85,4.38,803.4,23.25342466,FSLR
2/10/2021 16:00,99.88,4.38,803.4,22.80365297,FSLR
2/11/2021 16:00,99.59,4.38,803.4,22.73744292,FSLR
2/12/2021 16:00,100.75,4.38,803.4,23.00228311,FSLR
2/16/2021 16:00,98.71,4.38,803.4,22.53652968,FSLR
2/17/2021 16:00,95.84,4.38,803.4,21.88127854,FSLR
2/18/2021 16:00,91.38,4.38,803.4,20.8630137,FSLR
2/19/2021 16:00,90.96,4.38,803.4,20.76712329,FSLR
2/22/2021 16:00,86.61,4.38,803.4,19.7739726,FSLR
2/23/2021 16:00,86.97,4.38,803.4,19.85616438,FSLR
2/24/2021 16:00,88.03,4.38,803.4,20.09817352,FSLR
2/25/2021 16:00,81.4,4.38,803.4,18.58447489,FSLR
2/26/2021 16:00,81.02,4.38,803.4,18.49771689,FSLR
3/1/2021 16:00,84.89,4.38,803.4,19.38127854,FSLR
3/2/2021 16:00,83.19,4.38,803.4,18.99315068,FSLR
3/3/2021 16:00,78.88,4.38,803.4,18.00913242,FSLR
3/4/2021 16:00,75.36,4.38,803.4,17.20547945,FSLR
3/5/2021 16:00,73.7,4.38,803.4,16.82648402,FSLR
3/8/2021 16:00,71.45,4.38,803.4,16.31278539,FSLR
3/9/2021 16:00,76.67,4.38,803.4,17.50456621,FSLR
3/10/2021 16:00,75.72,4.38,803.4,17.28767123,FSLR
3/11/2021 16:00,81.02,4.38,803.4,18.49771689,FSLR
3/12/2021 16:00,81.95,4.38,803.4,18.71004566,FSLR
3/15/2021 16:00,82.53,4.38,803.4,18.84246575,FSLR
3/16/2021 16:00,82.46,4.38,803.4,18.82648402,FSLR
3/17/2021 16:00,80.14,4.38,803.4,18.29680365,FSLR
3/18/2021 16:00,77.61,4.38,803.4,17.71917808,FSLR
3/19/2021 16:00,79.97,4.38,803.4,18.25799087,FSLR
3/22/2021 16:00,81.83,4.38,803.4,18.6826484,FSLR
3/23/2021 16:00,80.52,4.38,803.4,18.38356164,FSLR
3/24/2021 16:00,80.72,4.38,803.4,18.42922374,FSLR
3/25/2021 16:00,80.73,4.38,803.4,18.43150685,FSLR
3/26/2021 16:00,85.69,4.38,803.4,19.56392694,FSLR
3/29/2021 16:00,81.61,4.38,803.4,18.63242009,FSLR
3/30/2021 16:00,86.53,4.38,803.4,19.75570776,FSLR
3/31/2021 16:00,87.3,4.38,803.4,19.93150685,FSLR
4/1/2021 16:00,86.15,4.38,629,19.66894977,FSLR
4/5/2021 16:00,83.12,4.38,629,18.97716895,FSLR
4/6/2021 16:00,84.21,4.38,629,19.2260274,FSLR
4/7/2021 16:00,81,4.38,629,18.49315068,FSLR
4/8/2021 16:00,81.19,4.38,629,18.53652968,FSLR
4/9/2021 16:00,79.61,4.38,629,18.17579909,FSLR
4/12/2021 16:00,78.75,4.38,629,17.97945205,FSLR
4/13/2021 16:00,78.99,4.38,629,18.03424658,FSLR
4/14/2021 16:00,78.57,4.38,629,17.93835616,FSLR
4/15/2021 16:00,77.17,4.38,629,17.61872146,FSLR
4/16/2021 16:00,80.14,4.38,629,18.29680365,FSLR
4/19/2021 16:00,80.21,4.38,629,18.31278539,FSLR
4/20/2021 16:00,79.36,4.38,629,18.11872146,FSLR
4/21/2021 16:00,83.65,4.38,629,19.09817352,FSLR
4/22/2021 16:00,87.15,4.38,629,19.89726027,FSLR
4/23/2021 16:00,88.56,4.38,629,20.21917808,FSLR
4/26/2021 16:00,89.79,4.38,629,20.5,FSLR
4/27/2021 16:00,89.69,4.38,629,20.47716895,FSLR
4/28/2021 16:00,88.7,4.38,629,20.25114155,FSLR
4/29/2021 16:00,87.29,4.38,629,19.92922374,FSLR
4/30/2021 16:00,76.53,4.38,629,17.47260274,FSLR
5/3/2021 16:00,75.77,4.38,629,17.29908676,FSLR
5/4/2021 16:00,73.82,4.38,629,16.85388128,FSLR
5/5/2021 16:00,74.39,4.38,629,16.98401826,FSLR
5/6/2021 16:00,73.63,4.38,629,16.81050228,FSLR
5/7/2021 16:00,74.62,4.38,629,17.03652968,FSLR
5/10/2021 16:00,72.19,4.38,629,16.48173516,FSLR
5/11/2021 16:00,71.89,4.38,629,16.41324201,FSLR
5/12/2021 16:00,69.73,4.38,629,15.92009132,FSLR
5/13/2021 16:00,69.57,4.38,629,15.88356164,FSLR
5/14/2021 16:00,72.58,4.38,629,16.57077626,FSLR
5/17/2021 16:00,71.55,4.38,629,16.33561644,FSLR
5/18/2021 16:00,72.39,4.38,629,16.52739726,FSLR
5/19/2021 16:00,74.24,4.38,629,16.94977169,FSLR
5/20/2021 16:00,76.64,4.38,629,17.49771689,FSLR
5/21/2021 16:00,75.93,4.38,629,17.33561644,FSLR
5/24/2021 16:00,75.38,4.38,629,17.21004566,FSLR
5/25/2021 16:00,74.8,4.38,629,17.07762557,FSLR
5/26/2021 16:00,77.53,4.38,629,17.70091324,FSLR
5/27/2021 16:00,76.93,4.38,629,17.56392694,FSLR
5/28/2021 16:00,76.11,4.38,629,17.37671233,FSLR
6/1/2021 16:00,76.88,4.38,629,17.55251142,FSLR
6/2/2021 16:00,76.96,4.38,629,17.57077626,FSLR
6/3/2021 16:00,75.37,4.38,629,17.20776256,FSLR
6/4/2021 16:00,75.84,4.38,629,17.31506849,FSLR
6/7/2021 16:00,75.01,4.38,629,17.12557078,FSLR
6/8/2021 16:00,75.96,4.38,629,17.34246575,FSLR
6/9/2021 16:00,76.81,4.38,629,17.53652968,FSLR
6/10/2021 16:00,80.4,4.38,629,18.35616438,FSLR
6/11/2021 16:00,79.59,4.38,629,18.17123288,FSLR
6/14/2021 16:00,78.61,4.38,629,17.94748858,FSLR
6/15/2021 16:00,76.17,4.38,629,17.39041096,FSLR
6/16/2021 16:00,77.4,4.38,629,17.67123288,FSLR
6/17/2021 16:00,78.53,4.38,629,17.92922374,FSLR
6/18/2021 16:00,76.97,4.38,629,17.57305936,FSLR
6/21/2021 16:00,78.19,4.38,629,17.85159817,FSLR
6/22/2021 16:00,78.38,4.38,629,17.89497717,FSLR
6/23/2021 16:00,80.19,4.38,629,18.30821918,FSLR
6/24/2021 16:00,84.51,4.38,629,19.29452055,FSLR
6/25/2021 16:00,87.87,4.38,629,20.06164384,FSLR
6/28/2021 16:00,92.71,4.38,629,21.16666667,FSLR
6/29/2021 16:00,92.67,4.38,629,21.15753425,FSLR
6/30/2021 16:00,90.51,4.38,629,20.66438356,FSLR
7/1/2021 16:00,90.17,4.38,584,20.58675799,FSLR
7/2/2021 16:00,90.82,4.38,584,20.73515982,FSLR
7/6/2021 16:00,91.19,4.38,584,20.8196347,FSLR
7/7/2021 16:00,91.27,4.38,584,20.83789954,FSLR
7/8/2021 16:00,89.91,4.38,584,20.52739726,FSLR
7/9/2021 16:00,92.54,4.38,584,21.12785388,FSLR
7/12/2021 16:00,94.29,4.38,584,21.52739726,FSLR
7/13/2021 16:00,92.79,4.38,584,21.18493151,FSLR
7/14/2021 16:00,90.04,4.38,584,20.55707763,FSLR
7/15/2021 16:00,85.6,4.38,584,19.543379,FSLR
7/16/2021 16:00,83.49,4.38,584,19.06164384,FSLR
7/19/2021 16:00,83.05,4.38,584,18.96118721,FSLR
7/20/2021 16:00,82.68,4.38,584,18.87671233,FSLR
7/21/2021 16:00,85.19,4.38,584,19.44977169,FSLR
7/22/2021 16:00,83.68,4.38,584,19.10502283,FSLR
7/23/2021 16:00,82.95,4.38,584,18.93835616,FSLR
7/26/2021 16:00,81.35,4.38,584,18.57305936,FSLR
7/27/2021 16:00,81.36,4.38,584,18.57534247,FSLR
7/28/2021 16:00,83.48,4.38,584,19.05936073,FSLR
7/29/2021 16:00,83.74,4.38,584,19.11872146,FSLR
7/30/2021 16:00,86.04,4.38,584,19.64383562,FSLR
8/2/2021 16:00,88.27,4.38,584,20.15296804,FSLR
8/3/2021 16:00,92.34,4.38,584,21.08219178,FSLR
8/4/2021 16:00,92.21,4.38,584,21.05251142,FSLR
8/5/2021 16:00,91.62,4.38,584,20.91780822,FSLR
8/6/2021 16:00,93.15,4.38,584,21.26712329,FSLR
8/9/2021 16:00,94.71,4.38,584,21.62328767,FSLR
8/10/2021 16:00,95.75,4.38,584,21.86073059,FSLR
8/11/2021 16:00,95.91,4.38,584,21.89726027,FSLR
8/12/2021 16:00,96.94,4.38,584,22.13242009,FSLR
8/13/2021 16:00,96.6,4.38,584,22.05479452,FSLR
8/16/2021 16:00,96.83,4.38,584,22.10730594,FSLR
8/17/2021 16:00,93.51,4.38,584,21.34931507,FSLR
8/18/2021 16:00,93.65,4.38,584,21.38127854,FSLR
8/19/2021 16:00,92.99,4.38,584,21.23059361,FSLR
8/20/2021 16:00,94.54,4.38,584,21.58447489,FSLR
8/23/2021 16:00,96.04,4.38,584,21.92694064,FSLR
8/24/2021 16:00,94.47,4.38,584,21.56849315,FSLR
8/25/2021 16:00,93.63,4.38,584,21.37671233,FSLR
8/26/2021 16:00,93.68,4.38,584,21.38812785,FSLR
8/27/2021 16:00,94.44,4.38,584,21.56164384,FSLR
8/30/2021 16:00,95.69,4.38,584,21.84703196,FSLR
8/31/2021 16:00,94,4.38,584,21.46118721,FSLR
9/1/2021 16:00,94.06,4.38,584,21.47488584,FSLR
9/2/2021 16:00,94.87,4.38,584,21.65981735,FSLR
9/3/2021 16:00,94.06,4.38,584,21.47488584,FSLR
9/7/2021 16:00,94.48,4.38,584,21.57077626,FSLR
9/8/2021 16:00,95.43,4.38,584,21.78767123,FSLR
9/9/2021 16:00,98.89,4.38,584,22.57762557,FSLR
9/10/2021 16:00,99.41,4.38,584,22.69634703,FSLR
9/13/2021 16:00,106.17,4.38,584,24.23972603,FSLR
9/14/2021 16:00,105.16,4.38,584,24.00913242,FSLR
9/15/2021 16:00,104.7,4.38,584,23.90410959,FSLR
9/16/2021 16:00,103.29,4.38,584,23.58219178,FSLR
9/17/2021 16:00,104.02,4.38,584,23.74885845,FSLR
9/20/2021 16:00,95.69,4.38,584,21.84703196,FSLR
9/21/2021 16:00,95.01,4.38,584,21.69178082,FSLR
9/22/2021 16:00,95.71,4.38,584,21.85159817,FSLR
9/23/2021 16:00,93.45,4.38,584,21.33561644,FSLR
9/24/2021 16:00,91.15,4.38,584,20.81050228,FSLR
9/27/2021 16:00,95.56,4.38,584,21.8173516,FSLR
9/28/2021 16:00,95.25,4.38,584,21.74657534,FSLR
9/29/2021 16:00,94.07,4.38,584,21.47716895,FSLR
9/30/2021 16:00,95.46,4.38,584,21.79452055,FSLR
10/1/2021 16:00,96.57,4.38,907,22.04794521,FSLR
10/4/2021 16:00,95.01,4.38,907,21.69178082,FSLR
10/5/2021 16:00,95.6,4.38,907,21.82648402,FSLR
10/6/2021 16:00,95.18,4.38,907,21.73059361,FSLR
10/7/2021 16:00,97.52,4.38,907,22.26484018,FSLR
10/8/2021 16:00,98.67,4.38,907,22.52739726,FSLR
10/11/2021 16:00,102.29,4.38,907,23.35388128,FSLR
10/12/2021 16:00,105.27,4.38,907,24.03424658,FSLR
10/13/2021 16:00,106.02,4.38,907,24.20547945,FSLR
10/14/2021 16:00,106.2,4.38,907,24.24657534,FSLR
10/15/2021 16:00,105.11,4.38,907,23.99771689,FSLR
10/18/2021 16:00,104.78,4.38,907,23.92237443,FSLR
10/19/2021 16:00,108.28,4.38,907,24.72146119,FSLR
10/20/2021 16:00,103.23,4.38,907,23.56849315,FSLR
10/21/2021 16:00,106.29,4.38,907,24.26712329,FSLR
10/22/2021 16:00,106.22,4.38,907,24.25114155,FSLR
10/25/2021 16:00,109.04,4.38,907,24.89497717,FSLR
10/26/2021 16:00,108.94,4.38,907,24.87214612,FSLR
10/27/2021 16:00,110.23,4.38,907,25.16666667,FSLR
10/28/2021 16:00,117.88,4.38,907,26.91324201,FSLR
10/29/2021 16:00,119.59,4.38,907,27.30365297,FSLR
11/1/2021 16:00,121.14,4.38,907,27.65753425,FSLR
11/2/2021 16:00,118.65,4.38,907,27.0890411,FSLR
11/3/2021 16:00,116.83,4.38,907,26.67351598,FSLR
11/4/2021 16:00,116.66,4.38,907,26.6347032,FSLR
11/5/2021 16:00,116.31,4.38,907,26.55479452,FSLR
11/8/2021 16:00,115.03,4.38,907,26.26255708,FSLR
11/9/2021 16:00,114.1,4.38,907,26.05022831,FSLR
11/10/2021 16:00,110.99,4.38,907,25.34018265,FSLR
11/11/2021 16:00,113.6,4.38,907,25.93607306,FSLR
11/12/2021 16:00,110.92,4.38,907,25.32420091,FSLR
11/15/2021 16:00,112.31,4.38,907,25.64155251,FSLR
11/16/2021 16:00,104.49,4.38,907,23.85616438,FSLR
11/17/2021 16:00,103.94,4.38,907,23.73059361,FSLR
11/18/2021 16:00,103.43,4.38,907,23.61415525,FSLR
11/19/2021 16:00,108.37,4.38,907,24.74200913,FSLR
11/22/2021 16:00,108.16,4.38,907,24.69406393,FSLR
11/23/2021 16:00,107.14,4.38,907,24.46118721,FSLR
11/24/2021 16:00,108.28,4.38,907,24.72146119,FSLR
11/26/2021 13:00,105.92,4.38,907,24.1826484,FSLR
11/29/2021 16:00,106.85,4.38,907,24.39497717,FSLR
11/30/2021 16:00,103.6,4.38,907,23.65296804,FSLR
12/1/2021 16:00,101.64,4.38,907,23.20547945,FSLR
12/2/2021 16:00,102.04,4.38,907,23.29680365,FSLR
12/3/2021 16:00,98.25,4.38,907,22.43150685,FSLR
12/6/2021 16:00,99.11,4.38,907,22.62785388,FSLR
12/7/2021 16:00,101.2,4.38,907,23.10502283,FSLR
12/8/2021 16:00,100.71,4.38,907,22.99315068,FSLR
12/9/2021 16:00,96.64,4.38,907,22.06392694,FSLR
12/10/2021 16:00,97.2,4.38,907,22.19178082,FSLR
12/13/2021 16:00,97.07,4.38,907,22.16210046,FSLR
12/14/2021 16:00,95.32,4.38,907,21.76255708,FSLR
12/15/2021 16:00,95.18,4.38,907,21.73059361,FSLR
12/16/2021 16:00,91.2,4.38,907,20.82191781,FSLR
12/17/2021 16:00,93.16,4.38,907,21.26940639,FSLR
12/20/2021 16:00,85.76,4.38,907,19.57990868,FSLR
12/21/2021 16:00,89.12,4.38,907,20.34703196,FSLR
12/22/2021 16:00,87.92,4.38,907,20.07305936,FSLR
12/23/2021 16:00,87.37,4.38,907,19.94748858,FSLR
12/27/2021 16:00,87.86,4.38,907,20.05936073,FSLR
12/28/2021 16:00,87.35,4.38,907,19.94292237,FSLR
12/29/2021 16:00,87.18,4.38,907,19.90410959,FSLR
12/30/2021 16:00,88.04,4.38,907,20.10045662,FSLR
12/31/2021 16:00,87.16,4.38,907,19.89954338,FSLR
1/3/2022 16:00,88.58,1.75,367,50.61714286,FSLR
1/4/2022 16:00,87.28,1.75,367,49.87428571,FSLR
1/5/2022 16:00,83.51,1.75,367,47.72,FSLR
1/6/2022 16:00,83.97,1.75,367,47.98285714,FSLR
1/7/2022 16:00,84.68,1.75,367,48.38857143,FSLR
1/10/2022 16:00,84.3,1.75,367,48.17142857,FSLR
1/11/2022 16:00,84.45,1.75,367,48.25714286,FSLR
1/12/2022 16:00,84.12,1.75,367,48.06857143,FSLR
1/13/2022 16:00,82.78,1.75,367,47.30285714,FSLR
1/14/2022 16:00,83.02,1.75,367,47.44,FSLR
1/18/2022 16:00,81.5,1.75,367,46.57142857,FSLR
1/19/2022 16:00,81.37,1.75,367,46.49714286,FSLR
1/20/2022 16:00,81.49,1.75,367,46.56571429,FSLR
1/21/2022 16:00,76.82,1.75,367,43.89714286,FSLR
1/24/2022 16:00,77.93,1.75,367,44.53142857,FSLR
1/25/2022 16:00,75.94,1.75,367,43.39428571,FSLR
1/26/2022 16:00,76.37,1.75,367,43.64,FSLR
1/27/2022 16:00,72.22,1.75,367,41.26857143,FSLR
1/28/2022 16:00,73.42,1.75,367,41.95428571,FSLR
1/31/2022 16:00,78.38,1.75,367,44.78857143,FSLR
2/1/2022 16:00,77.7,1.75,367,44.4,FSLR
2/2/2022 16:00,76.37,1.75,367,43.64,FSLR
2/3/2022 16:00,71.28,1.75,367,40.73142857,FSLR
2/4/2022 16:00,71,1.75,367,40.57142857,FSLR
2/7/2022 16:00,69.74,1.75,367,39.85142857,FSLR
2/8/2022 16:00,70.39,1.75,367,40.22285714,FSLR
2/9/2022 16:00,74.17,1.75,367,42.38285714,FSLR
2/10/2022 16:00,71.22,1.75,367,40.69714286,FSLR
2/11/2022 16:00,69.31,1.75,367,39.60571429,FSLR
2/14/2022 16:00,68.23,1.75,367,38.98857143,FSLR
2/15/2022 16:00,72.1,1.75,367,41.2,FSLR
2/16/2022 16:00,71.67,1.75,367,40.95428571,FSLR
2/17/2022 16:00,69.95,1.75,367,39.97142857,FSLR
2/18/2022 16:00,68.57,1.75,367,39.18285714,FSLR
2/22/2022 16:00,65.85,1.75,367,37.62857143,FSLR
2/23/2022 16:00,64.9,1.75,367,37.08571429,FSLR
2/24/2022 16:00,69.04,1.75,367,39.45142857,FSLR
2/25/2022 16:00,70.68,1.75,367,40.38857143,FSLR
2/28/2022 16:00,75.29,1.75,367,43.02285714,FSLR
3/1/2022 16:00,75.62,1.75,367,43.21142857,FSLR
3/2/2022 16:00,69.51,1.75,367,39.72,FSLR
3/3/2022 16:00,67.37,1.75,367,38.49714286,FSLR
3/4/2022 16:00,71.85,1.75,367,41.05714286,FSLR
3/7/2022 16:00,75,1.75,367,42.85714286,FSLR
3/8/2022 16:00,79.52,1.75,367,45.44,FSLR
3/9/2022 16:00,78.89,1.75,367,45.08,FSLR
3/10/2022 16:00,76.5,1.75,367,43.71428571,FSLR
3/11/2022 16:00,75.39,1.75,367,43.08,FSLR
3/14/2022 16:00,71.99,1.75,367,41.13714286,FSLR
3/15/2022 16:00,74.96,1.75,367,42.83428571,FSLR
3/16/2022 16:00,77.59,1.75,367,44.33714286,FSLR
3/17/2022 16:00,78.22,1.75,367,44.69714286,FSLR
3/18/2022 16:00,77.6,1.75,367,44.34285714,FSLR
3/21/2022 16:00,77.39,1.75,367,44.22285714,FSLR
3/22/2022 16:00,79.08,1.75,367,45.18857143,FSLR
3/23/2022 16:00,77.99,1.75,367,44.56571429,FSLR
3/24/2022 16:00,79.53,1.75,367,45.44571429,FSLR
3/25/2022 16:00,79.65,1.75,367,45.51428571,FSLR
3/28/2022 16:00,84.09,1.75,367,48.05142857,FSLR
3/29/2022 16:00,84.59,1.75,367,48.33714286,FSLR
3/30/2022 16:00,81.94,1.75,367,46.82285714,FSLR
3/31/2022 16:00,83.74,1.75,367,47.85142857,FSLR
4/1/2022 16:00,84.01,1.75,621,48.00571429,FSLR
4/4/2022 16:00,83.96,1.75,621,47.97714286,FSLR
4/5/2022 16:00,80.33,1.75,621,45.90285714,FSLR
4/6/2022 16:00,78.13,1.75,621,44.64571429,FSLR
4/7/2022 16:00,78.54,1.75,621,44.88,FSLR
4/8/2022 16:00,77.61,1.75,621,44.34857143,FSLR
4/11/2022 16:00,78.86,1.75,621,45.06285714,FSLR
4/12/2022 16:00,79.1,1.75,621,45.2,FSLR
4/13/2022 16:00,79.7,1.75,621,45.54285714,FSLR
4/14/2022 16:00,78.12,1.75,621,44.64,FSLR
4/18/2022 16:00,78.66,1.75,621,44.94857143,FSLR
4/19/2022 16:00,78.73,1.75,621,44.98857143,FSLR
4/20/2022 16:00,76.93,1.75,621,43.96,FSLR
4/21/2022 16:00,74.43,1.75,621,42.53142857,FSLR
4/22/2022 16:00,72.37,1.75,621,41.35428571,FSLR
4/25/2022 16:00,72.45,1.75,621,41.4,FSLR
4/26/2022 16:00,71.44,1.75,621,40.82285714,FSLR
4/27/2022 16:00,72.14,1.75,621,41.22285714,FSLR
4/28/2022 16:00,72.26,1.75,621,41.29142857,FSLR
4/29/2022 16:00,73.03,1.75,621,41.73142857,FSLR
5/2/2022 16:00,73.64,1.75,621,42.08,FSLR
5/3/2022 16:00,75.11,1.75,621,42.92,FSLR
5/4/2022 16:00,78.7,1.75,621,44.97142857,FSLR
5/5/2022 16:00,76.41,1.75,621,43.66285714,FSLR
5/6/2022 16:00,72.14,1.75,621,41.22285714,FSLR
5/9/2022 16:00,68.25,1.75,621,39,FSLR
5/10/2022 16:00,67.58,1.75,621,38.61714286,FSLR
5/11/2022 16:00,61.72,1.75,621,35.26857143,FSLR
5/12/2022 16:00,61.4,1.75,621,35.08571429,FSLR
5/13/2022 16:00,64.25,1.75,621,36.71428571,FSLR
5/16/2022 16:00,62.77,1.75,621,35.86857143,FSLR
5/17/2022 16:00,65.4,1.75,621,37.37142857,FSLR
5/18/2022 16:00,65.36,1.75,621,37.34857143,FSLR
5/19/2022 16:00,66.47,1.75,621,37.98285714,FSLR
5/20/2022 16:00,65.77,1.75,621,37.58285714,FSLR
5/23/2022 16:00,66.06,1.75,621,37.74857143,FSLR
5/24/2022 16:00,64.59,1.75,621,36.90857143,FSLR
5/25/2022 16:00,66.04,1.75,621,37.73714286,FSLR
5/26/2022 16:00,68.08,1.75,621,38.90285714,FSLR
5/27/2022 16:00,72.01,1.75,621,41.14857143,FSLR
5/31/2022 16:00,70.61,1.75,621,40.34857143,FSLR
6/1/2022 16:00,70.87,1.75,621,40.49714286,FSLR
6/2/2022 16:00,74.24,1.75,621,42.42285714,FSLR
6/3/2022 16:00,74.93,1.75,621,42.81714286,FSLR
6/6/2022 16:00,71.99,1.75,621,41.13714286,FSLR
6/7/2022 16:00,72,1.75,621,41.14285714,FSLR
6/8/2022 16:00,71.69,1.75,621,40.96571429,FSLR
6/9/2022 16:00,69.83,1.75,621,39.90285714,FSLR
6/10/2022 16:00,68,1.75,621,38.85714286,FSLR
6/13/2022 16:00,63.13,1.75,621,36.07428571,FSLR
6/14/2022 16:00,61.95,1.75,621,35.4,FSLR
6/15/2022 16:00,64.03,1.75,621,36.58857143,FSLR
6/16/2022 16:00,62.01,1.75,621,35.43428571,FSLR
6/17/2022 16:00,66.71,1.75,621,38.12,FSLR
6/21/2022 16:00,68.2,1.75,621,38.97142857,FSLR
6/22/2022 16:00,67.6,1.75,621,38.62857143,FSLR
6/23/2022 16:00,69.6,1.75,621,39.77142857,FSLR
6/24/2022 16:00,70.07,1.75,621,40.04,FSLR
6/27/2022 16:00,70.62,1.75,621,40.35428571,FSLR
6/28/2022 16:00,67.75,1.75,621,38.71428571,FSLR
6/29/2022 16:00,66.84,1.75,621,38.19428571,FSLR
6/30/2022 16:00,68.13,1.75,621,38.93142857,FSLR
7/1/2022 16:00,68.15,1.75,578,38.94285714,FSLR
7/5/2022 16:00,66.23,1.75,578,37.84571429,FSLR
7/6/2022 16:00,66.16,1.75,578,37.80571429,FSLR
7/7/2022 16:00,70.64,1.75,578,40.36571429,FSLR
7/8/2022 16:00,72.51,1.75,578,41.43428571,FSLR
7/11/2022 16:00,69.29,1.75,578,39.59428571,FSLR
7/12/2022 16:00,68.42,1.75,578,39.09714286,FSLR
7/13/2022 16:00,69.16,1.75,578,39.52,FSLR
7/14/2022 16:00,71.04,1.75,578,40.59428571,FSLR
7/15/2022 16:00,65.27,1.75,578,37.29714286,FSLR
7/18/2022 16:00,67.01,1.75,578,38.29142857,FSLR
7/19/2022 16:00,70.65,1.75,578,40.37142857,FSLR
7/20/2022 16:00,72.98,1.75,578,41.70285714,FSLR
7/21/2022 16:00,73.26,1.75,578,41.86285714,FSLR
7/22/2022 16:00,72.59,1.75,578,41.48,FSLR
7/25/2022 16:00,74.15,1.75,578,42.37142857,FSLR
7/26/2022 16:00,73.57,1.75,578,42.04,FSLR
7/27/2022 16:00,76.76,1.75,578,43.86285714,FSLR
7/28/2022 16:00,88.5,1.75,578,50.57142857,FSLR
7/29/2022 16:00,99.17,1.75,578,56.66857143,FSLR
